<?xml version="1.0" ?>
<readme>
    <!-- *********************************************************************************************************** -->

    <!-- CSE 331 README (Spring 2021) -->

    <!-- Thanks for filling out your README! -->
    <!-- The purpose of this README is to collect your feedback to ensure we make CSE 331 the best it can be. -->
    <!-- You'll receive full credit for the README as long as you fill out every field, so answer honestly! -->
    <!-- Just replace the text REPLACE with your response and leave the <> tags alone.  -->
    <!-- Include this file in your .zip folder uploaded to Mimir, and you're golden! -->

    <!-- *********************************************************************************************************** -->

    <!-- (1) Please enter your MSU netid (the part of your email before @msu.edu) below. -->
    <netid>
        pennepal
    </netid>

    <!-- (2) Please enter your feedback below. How did you like the Project/CC? -->
    <!-- What was easy? What was challenging? How could we improve it in the future? -->
    <feedback>
        This project was pretty difficult overall. It really made me think and apply what I know about graphs.
        Two of the functions were especially hard and I could not complete them on time. However, I still really
        enjoyed this project as it was a nice challenge. I think it would be helpful to have a tutorial or starter
        code on how to solve BFS because that was arguably one of the harder functions in this project. Regardless,
        I am satisfied with my work on this project: it was a great way to end our class projects :)
    </feedback>

    <!-- (3) Please enter how difficult this project was -->
    <!--  0 means Easy, 10 means Rocket Science  -->
    <difficulty>
        9
    </difficulty>

    <!-- (4) Please enter approximately how long the Project/CC took you in hours (as a floating point).  -->
    <!-- For example, if it took you 45 minutes, enter 0.75; if it took you 2 and a half hours, enter 2.5. -->
    <time>
        25.0
    </time>

    <!-- (5) Please cite the resources you used to complete the Project/CC. URLs are fine!  -->
    <citations>
        https://rosettacode.org/wiki/A*_search_algorithm#Python
        https://www.geeksforgeeks.org/breadth-first-search-or-bfs-for-a-graph/
    </citations>

    <!-- *********************************************************************************************************** -->

    <!-- Configured by Project/CC author. DO NOT EDIT! -->
    <type>Project</type>    <!-- Enter "Project" or "CC" without quotes -->
    <number>8</number>      <!-- Enter Project/CC number as integer -->

    <!-- *********************************************************************************************************** -->

</readme>