<?xml version="1.0" ?>
<readme>
    <!-- *********************************************************************************************************** -->

    <!-- CSE 331 README (Spring 2021) -->

    <!-- Thanks for filling out your README! -->
    <!-- The purpose of this README is to collect your feedback to ensure we make CSE 331 the best it can be. -->
    <!-- You'll receive full credit for the README as long as you fill out every field, so answer honestly! -->
    <!-- Just replace the text REPLACE with your response and leave the <> tags alone.  -->
    <!-- Include this file in your .zip folder uploaded to Mimir, and you're golden! -->

    <!-- *********************************************************************************************************** -->

    <!-- (1) Please enter your MSU netid (the part of your email before @msu.edu) below. -->
    <netid>
        pennepal
    </netid>

    <!-- (2) Please enter your feedback below. How did you like the Project/CC? -->
    <!-- What was easy? What was challenging? How could we improve it in the future? -->
    <feedback>
        This project was very challenging, but a good segway to using AVL Trees. I had to really think about my
        code to come up with effective solutions for each functions. Utilization of Professor's slides and
        lecture videos was my key to solving this project as well as various external resources including
        geeks for geeks and real python. It took a while for me to fully understand trees, but after reading
        more about them and coding this project, I have a much better understanding of them.
    </feedback>

    <!-- (3) Please enter approximately how long the Project/CC took you in hours (as a floating point).  -->
    <!-- For example, if it took you 45 minutes, enter 0.75; if it took you 2 and a half hours, enter 2.5. -->
    <time>
        14.0
    </time>

    <!-- (4) Please cite the resources you used to complete the Project/CC. URLs are fine!  -->
    <citations>
        https://www.geeksforgeeks.org/find-the-minimum-element-in-a-binary-search-tree/
        https://realpython.com/introduction-to-python-generators/
        https://www.geeksforgeeks.org/queue-in-python/
        https://www.programiz.com/dsa/avl-tree
        https://www.geeksforgeeks.org/avl-tree-set-2-deletion/
        https://www.geeksforgeeks.org/avl-tree-set-1-insertion/
        https://www.geeksforgeeks.org/print-level-order-traversal-line-line/
    </citations>

    <!-- *********************************************************************************************************** -->

    <!-- Configured by Project/CC author. DO NOT EDIT! -->
    <type>Project</type>    <!-- Enter "Project" or "CC" without quotes -->
    <number>5</number>      <!-- Enter Project/CC number as integer -->

    <!-- *********************************************************************************************************** -->

</readme>