<?xml version="1.0" ?>
<readme>
    <!-- *********************************************************************************************************** -->

    <!-- CSE 331 README (Spring 2021) -->

    <!-- Thanks for filling out your README! -->
    <!-- The purpose of this README is to collect your feedback to ensure we make CSE 331 the best it can be. -->
    <!-- You'll receive full credit for the README as long as you fill out every field, so answer honestly! -->
    <!-- Just replace the text REPLACE with your response and leave the <> tags alone.  -->
    <!-- Include this file in your .zip folder uploaded to Mimir, and you're golden! -->

    <!-- *********************************************************************************************************** -->

    <!-- (1) Please enter your MSU netid (the part of your email before @msu.edu) below. -->
    <netid>
        pennepal
    </netid>

    <!-- (2) Please enter your feedback below. How did you like the Project/CC? -->
    <!-- What was easy? What was challenging? How could we improve it in the future? -->
    <feedback>
        This project was pretty challenging overall. I definitely needed another day to complete it.
        After watching the lectures on double hashing, I was able to get the first few functions. After
        brainstorming different approaches, I completed the last few ones as well. The application however
        was more challenging and took a lot more time to do. Unfortunately, I couldn't solve it in O(1)
        time complexity, because I had to use loops :(
        I think that in the future having two weeks for this project would be very helpful.
        Either way, I enjoyed it a lot and had a great time solving it! :)
    </feedback>

    <!-- (3) Please enter approximately how long the Project/CC took you in hours (as a floating point).  -->
    <!-- For example, if it took you 45 minutes, enter 0.75; if it took you 2 and a half hours, enter 2.5. -->
    <time>
        20.0
    </time>

    <!-- (4) Please cite the resources you used to complete the Project/CC. URLs are fine!  -->
    <citations>
        https://www.geeksforgeeks.org/iterate-over-a-dictionary-in-python/
        https://www.geeksforgeeks.org/implementation-of-hashing-with-chaining-in-python/
    </citations>

    <!-- *********************************************************************************************************** -->

    <!-- Configured by Project/CC author. DO NOT EDIT! -->
    <type>Project</type>    <!-- Enter "Project" or "CC" without quotes -->
    <number>6</number>      <!-- Enter Project/CC number as integer -->

    <!-- *********************************************************************************************************** -->

</readme>