<?xml version="1.0" ?>
<readme>
    <!-- *********************************************************************************************************** -->

    <!-- CSE 331 README (Spring 2021) -->

    <!-- Thanks for filling out your README! -->
    <!-- The purpose of this README is to collect your feedback to ensure we make CSE 331 the best it can be. -->
    <!-- You'll receive full credit for the README as long as you fill out every field, so answer honestly! -->
    <!-- Just replace the text REPLACE with your response and leave the <> tags alone.  -->
    <!-- Include this file in your .zip folder uploaded to Mimir, and you're golden! -->

    <!-- *********************************************************************************************************** -->

    <!-- (1) Please enter your MSU netid (the part of your email before @msu.edu) below. -->
    <netid>
        pennepal
    </netid>

    <!-- (2) Please enter your feedback below. How did you like the Project/CC? -->
    <!-- What was easy? What was challenging? How could we improve it in the future? -->
    <feedback>
        This coding challenge was the best one yet. It was a very interesting problem that made me
        think of different solutions to solve it. Though I initially thought of using a python list
        of tuples, I ended up using queues instead so that I can practice using them more. It took
        slightly longer than usual because I was not as proficient with using queues, but after this
        challenge, I definitely feel more confident using them.
    </feedback>

    <!-- (3) Please enter approximately how long the Project/CC took you in hours (as a floating point).  -->
    <!-- For example, if it took you 45 minutes, enter 0.75; if it took you 2 and a half hours, enter 2.5. -->
    <time>
        3.0
    </time>

    <!-- (4) Please cite the resources you used to complete the Project/CC. URLs are fine!  -->
    <citations>
        https://docs.python.org/3/library/queue.html#queue.SimpleQueue
        https://www.geeksforgeeks.org/queue-in-python/
    </citations>

    <!-- *********************************************************************************************************** -->

    <!-- Configured by Project/CC author. DO NOT EDIT! -->
    <type>CC</type>    <!-- Enter "Project" or "CC" without quotes -->
    <number>6</number>      <!-- Enter Project/CC number as integer -->

    <!-- *********************************************************************************************************** -->

</readme>