<?xml version="1.0" ?>
<readme>
    <!-- *********************************************************************************************************** -->

    <!-- CSE 331 README (Spring 2021) -->

    <!-- Thanks for filling out your README! -->
    <!-- The purpose of this README is to collect your feedback to ensure we make CSE 331 the best it can be. -->
    <!-- You'll receive full credit for the README as long as you fill out every field, so answer honestly! -->
    <!-- Just replace the text REPLACE with your response and leave the <> tags alone.  -->
    <!-- Include this file in your .zip folder uploaded to Mimir, and you're golden! -->

    <!-- *********************************************************************************************************** -->

    <!-- (1) Please enter your MSU netid (the part of your email before @msu.edu) below. -->
    <netid>
        pennepal
    </netid>

    <!-- (2) Please enter your feedback below. How did you like the Project/CC? -->
    <!-- What was easy? What was challenging? How could we improve it in the future? -->
    <feedback>
        This project was a lot of fun and definitely made me think a lot. Insertion sort was relatively simple
        once I referred to my notes from lecture as well as the Week 3 source code. Merge sort however was
        a little more challenging as it required me to research and learn more about the algorithm using external
        sources and videos on YouTube. Although, once I was able to properly get those functions, the remaining
        ones all came together nicely. I really enjoyed this project and am very thankful for the source code
        provided because it really came in handy.
    </feedback>

    <!-- (3) Please enter approximately how long the Project/CC took you in hours (as a floating point).  -->
    <!-- For example, if it took you 45 minutes, enter 0.75; if it took you 2 and a half hours, enter 2.5. -->
    <time>

    </time>

    <!-- (4) Please cite the resources you used to complete the Project/CC. URLs are fine!  -->
    <citations>
        https://www.geeksforgeeks.org/counting-inversions/
        https://youtu.be/rAqBlKhy_oI
        https://youtu.be/1sdEchFsL0Y
        Week 3 Source Code and Notes
        https://docs.python.org/3/library/stdtypes.html#set-types-set-frozenset
    </citations>

    <!-- *********************************************************************************************************** -->

    <!-- Configured by Project/CC author. DO NOT EDIT! -->
    <type>Project</type>    <!-- Enter "Project" or "CC" without quotes -->
    <number>3</number>      <!-- Enter Project/CC number as integer -->

    <!-- *********************************************************************************************************** -->

</readme>