<?xml version="1.0" ?>
<readme>
    <!-- *********************************************************************************************************** -->

    <!-- CSE 331 README (Spring 2021) -->

    <!-- Thanks for filling out your README! -->
    <!-- The purpose of this README is to collect your feedback to ensure we make CSE 331 the best it can be. -->
    <!-- You'll receive full credit for the README as long as you fill out every field, so answer honestly! -->
    <!-- Just replace the text REPLACE with your response and leave the <> tags alone.  -->
    <!-- Include this file in your .zip folder uploaded to Mimir, and you're golden! -->

    <!-- *********************************************************************************************************** -->

    <!-- (1) Please enter your MSU netid (the part of your email before @msu.edu) below. -->
    <netid>
        pennepal
    </netid>

    <!-- (2) Please enter your feedback below. How did you like the Project/CC? -->
    <!-- What was easy? What was challenging? How could we improve it in the future? -->
    <feedback>
        This project was pretty challenging overall because of the use of priority queues,
        max heaps, and min heaps. Even though it was challenging, I really enjoyed working on it
        and improving my understanding of these concepts. The application part was definitely hard since
        we could not use the private functions that we had made. However, I managed to solve it using only
        the public functions such as push and pop into a priority queue. This project as a whole really made
        me think, and I had a fun time getting it done. For the future, allowing students to use the functions
        that they created can be more beneficial for solving the application.
    </feedback>

    <!-- (3) Please enter how difficult this project was -->
    <!--  0 means Easy, 10 means Rocket Science (very difficult)  -->
    <difficulty>
        7
    </difficulty>

    <!-- (4) Please enter approximately how long the Project/CC took you in hours (as a floating point).  -->
    <!-- For example, if it took you 45 minutes, enter 0.75; if it took you 2 and a half hours, enter 2.5. -->
    <time>
        12.0
    </time>

    <!-- (5) Please cite the resources you used to complete the Project/CC. URLs are fine!  -->
    <citations>
        https://www.geeksforgeeks.org/heap-sort/
        https://www.geeksforgeeks.org/min-heap-in-python/
        https://www.geeksforgeeks.org/find-median-of-list-in-python/
    </citations>

    <!-- *********************************************************************************************************** -->

    <!-- Configured by Project/CC author. DO NOT EDIT! -->
    <type>Project</type>    <!-- Enter "Project" or "CC" without quotes -->
    <number>7</number>      <!-- Enter Project/CC number as integer -->

    <!-- *********************************************************************************************************** -->

</readme>