<?xml version="1.0" ?>
<readme>
    <!-- *********************************************************************************************************** -->

    <!-- CSE 331 README (Spring 2021) -->

    <!-- Thanks for filling out your README! -->
    <!-- The purpose of this README is to collect your feedback to ensure we make CSE 331 the best it can be. -->
    <!-- You'll receive full credit for the README as long as you fill out every field, so answer honestly! -->
    <!-- Just replace the text REPLACE with your response and leave the <> tags alone.  -->
    <!-- Include this file in your .zip folder uploaded to Mimir, and you're golden! -->

    <!-- *********************************************************************************************************** -->

    <!-- (1) Please enter your MSU netid (the part of your email before @msu.edu) below. -->
    <netid>
        pennepal
    </netid>

    <!-- (2) Please enter your feedback below. How did you like the Project/CC? -->
    <!-- What was easy? What was challenging? How could we improve it in the future? -->
    <feedback>
        This challenge was super fun to do. It did not take long at all, but still gave me
        a good practice with files and classes, since I had to call from multiple different
        files. I used a dictionary to accomplish this challenge and reached the correct
        time complexities. It was a nice followup on the project and definitely made me think
        a lot about different solutions.
    </feedback>

    <!-- (3) Please enter approximately how long the Project/CC took you in hours (as a floating point).  -->
    <!-- For example, if it took you 45 minutes, enter 0.75; if it took you 2 and a half hours, enter 2.5. -->
    <time>
        2.5
    </time>

    <!-- (4) Please cite the resources you used to complete the Project/CC. URLs are fine!  -->
    <citations>
        n/a
    </citations>

    <!-- (5) Please enter the approximate difficulty on a scale of 1 (easy) to 10 (impossibly hard). -->
    <difficulty>
        3
    </difficulty>

    <!-- *********************************************************************************************************** -->

    <!-- Configured by Project/CC author. DO NOT EDIT! -->
    <type>CC</type>    <!-- Enter "Project" or "CC" without quotes -->
    <number>8</number>      <!-- Enter Project/CC number as integer -->

    <!-- *********************************************************************************************************** -->

</readme>